{"cameraMode":{"drawMode":0,"name":"Shaded","section":"Shading Mode"},"sceneLighting":true,"audioPlay":false,"sceneViewState":{"showFog":true,"showMaterialUpdate":false,"showSkybox":true,"showFlares":true,"showImageEffects":true,"showParticleSystems":true},"in2DMode":false,"pivot":{"x":55.39467239379883,"y":14.84505844116211,"z":170.19265747070313},"rotation":{"x":0.09394387900829315,"y":-0.5839582085609436,"z":0.06827982515096665,"w":0.8034420013427734},"size":54.107276916503909,"orthographic":true}