{"cameraMode":{"drawMode":0,"name":"Shaded","section":"Shading Mode"},"sceneLighting":true,"audioPlay":false,"sceneViewState":{"showFog":true,"showMaterialUpdate":false,"showSkybox":true,"showFlares":true,"showImageEffects":true,"showParticleSystems":true},"in2DMode":false,"pivot":{"x":55.39467239379883,"y":14.84505844116211,"z":170.19265747070313},"rotation":{"x":0.09805192798376084,"y":-0.7735270857810974,"z":0.12355950474739075,"w":0.613832414150238},"size":54.107276916503909,"orthographic":true}